Acacias,Mimosa,Wattle,Acacia,Mimosas,Wattles
Achilleas,Yarrow,Achillea,Yarrows
Aconitum,Monkshood,Wolf's Bane,Wolfsbane,Devil's Helmet
African Boxwoods,African Boxwood
Agapanthus,African Lily,Lily of the Nile
Ageratum,Floss Flower
Alliums,Ornamental Onion,Flowering Onion,Allium
Alstroemeria,Peruvian Lily,Inca Lily,Ulster Mary,Peruvian Lilies,Inca Lilies
Amaranthus,Pigweed,Pigweeds
Amaryllis
Anemones,Windflower,Anemone,Windflowers
Kangaroo Paws,Anigozanthos,Kangaroo Paw
Asters,Aster
Astilbe,False Goat's Beard,False Spirea
Astrantia,Great Masterwort
Cornflowers,Bachelor's Button,Cornflower,Centaurea Montana
Balloon Flowers,Balloon Flower,Chinese Bellflower
Banksia
Bottlebrush,Bottlebrushes
Bee Balm,Bergamot,Monad
Bellflowers,Campanula,Canterbury Bells,Chimney Bells,Bellflower
Bighead knapweed
Billy Balls,Billy Buttons,Craspedia,Drumstick,Billy Button
Blazing Star,Liatris,Gayfeather,Button Snakeroot
Blue Lace Flower
Boronias,Boronia
Bouvardias,Bouvardia
Boxwoods,Boxwood
Brodiaea
Broom
Buckthorns,Buckthorn
Buddleia,Butterfly Bush
Buttercups,Buttercup
Marigolds,Calendula,Marigold
Calla Lilies,Calla Lily,Zantedeschia
Candytuft,Iberis
Carthamus,Safflower
Caspia,Limonium,Statice,Sea Lavender
Brain Flowers,Celosias,Brain Celosia,Cockscomb,Celosia,Brain Flower
Cestrum
Waxflowers,Chamelaucium,Waxflower
China Aster,Callistephus
Chincherinchee,Star of Bethlehem,Ornithogalum
Chrysanthemums,Chrysanthemum
Clarkia,Godetia,Farewell-to-Spring
Cyclamens,Cyclamen
Columbines,Columbine
Black-eyed Susan,Coneflower,Rudbeckia,,Coneflowers
Convallaria,Lily of the Valley
Cordylines,Cordyline
Cosmos
Curcuma,Curcumas
Curly Willows,Corkscrew Willow,Dragon's Claw,Curly Willow,Corkscrew Willows
Daffodils,Narcissus,Jonquil,Daffodil
Dahlias,Dahlia
Daisies,Daisy
Dill
Dragon's Tongue,Dragon's Breath
Dusty Miller,Silver Ragwort
Eucalyptus
Eustoma,Lisianthus,Texas Bluebell
False Bird of Paradise,Heliconia,Lobster Claws
Feverfews,Feverfew
Flamingo Flower,Anthurium,Tailflower,Painter's Palette
Flax
Flowering Cherries,Flowering Cherry
Forget-Me-Nots,Forget-Me-Not,Myosotis
Forsythia
Foxgloves,Foxglove,Digitalis
Freesia,Freesias
Gardenias,Gardenia,
Genista
Gerbera Daisies,Gerbera daisy
Stock,Gillyflower,Gillyflowers
Ginger
Gladiolus,Sword Lily,Gladiolas,Sword Lilies,Mini Gladiolus,Mini Gladiolas
Globe Amaranth,Gomphrena
Artichokes,Artichoke,
Globe flower,Trollius
Goosefoot,Chenopodium
Muscari,Grape Hyacinth,Grape Hyacinths
Guernsey Lily,Nerine,Guernsey Lilies
Baby's Breath,Gypsophila,
Heliconia
Heath
Heather,Calluna Vulgaris
Hellebores,Christmas Rose,Hellebore
Hyacinths,Hyacinth
Hydrangeas,Hydrangea
Hypericums,Hypericum
Iris,Irises
Ivy,Ivies
King Protea,King Proteas
Knapweed,Centaurea
Lady's Mantle,Alchemilla
Delphiniums,Larkspur,Delphinium,Larkspurs
Sweet Peas,Lathyrus
Lavender,Lavandula,
Lilacs,Syringa,Lilac
Lilies,Lily,Lillies,Lilly,Lily Casa Blanca,Lily Elite,Lily Monte Negro,Lily Stargazer,African Corn Lily,Spider Lily,jersey lily,Cuban Lily,Caribbean Lily,Flame Lily,Gloriosa,Fire Lily,Glory Lily,Amazon Lily,foxtail lily,Trumpet Lily
Love-lies-bleeding
Lumex
Lupines,Lupine
Marigolds,Marigold
Milkweed,Asclepias,Milkweeds
Mimosa,Mimosas
Moluccella,Bells of Ireland,Shellflower
Montbretia,Crocosmia
Mother-in-law tongue,Sansevieria
Mums,Spider Mums,Spider Fuji,Daisy Mums,Daisy Mum, Fuji Mums
Myrsine
Myrtle,Myrtus
Nephrolepis
Nerine
Nigella,Love in the Mist,Nigellas
Oxeye Daisy
Painted Tongue,Salpiglossis
Paper Reed,Nile Grass
Papyrus lion's head
Peonies,Peony
Phlox
Pink Mink,Protea neriifolia
Tuberose,Polianthes
Pompom Chrysanthemum
Poppy Anemones,Poppy Anemone
Porium,Big Flax
Roses,Rose,Primrose,Primroses,Guelder Rose,Viburnum,Guelder Roses,Evening Primrose,Garden Rose,Garden Roses
Protea,Sugarbush,Proteas
Prunus,Flowering cherry
Pussy Willows,Pussy Willow
Queen Anne's Lace,Wild Carrot,Bishop's Lace
Ranunculus,Persian Buttercup,Persian Buttercups
Rice flower,Rice Flowers
Sage
Soapwort,Saponaria
Saxicola,Rock Thryptomene
Scabiosa,Pincushion Flower,Scabiosas
Scarlet Plume,Scarlet Plumes
Sea Holly,Sea Hollies
Snapdragon,Antirrhinum,Snapdragons
Sneezeweed
Berries,Snowberry,Waxberry,Ghostberry,California Pepperberry,Schinus,Berry
Snow on the Mountain,Smoke on the Prairie,Spurge
Solidago,Goldenrod,Solidagos,Goldenrods
Carnations,Carnation,Spray Carnation,Spray Carnations,Mini Carnation,Mini Carnations,Pixie Carnations
St John's Wort,Goatweed,Tipton's Weed
Stephanotis
Stock,Hoary Stock,Tenweeks Stock
Stonecrop,Sedum,Sedums
Strawflower,Golden Everlasting
Strelitzia,Bird of Paradise,Strelitzias
Summer poinsettia,Joseph's Coat,Tampala,Vegetable Amaranth
Sunflower,Helianthus,Sunflowers
Sweet Sultan,Sweet Sultans
Sweet William,Dianthus
Ferns,Fern,Sword fern,Sword Ferns,Tree Fern,Tree Ferns,Lace fern,Lace Ferns,Foxtail fern,Foxtail Ferns,Umbrella fern,Sticherus,Umbrella Ferns,Ming fern,Ming Ferns,Sprengeri fern,Asparagus Fern,Asparagus Ferns,Sprengeri Ferns,Asparagus
Tansy,Tanacetum
Tassel flower
Thistles,Plume thistle,Cirsium,globe thistle,Echinops,Artichoke thistle,Cardoon,Alpine Thistle,Thistle
Thorow-wax
Blue Throatwort,Trachelium
Tulips,Tulip,Parrot Tulips
Turtle Head
Veronica,Speedwell,Bird's Eye,Gypsyweed
Watsonia,Snowballs
Wormwood,Mugwort,Artemisia
Zinnias,Zinnia
Aspidistra
Kangaroo Grass
Clematis
Sarracenia,Sarracenias
Lemon leaf,Lemon Leaves
Ti Leaf,Cordyline fruticosa,Cabbage palm,Palm lily,Ti leaves,Cabbage palms,Palm Lilies
Jatropha Firecrackers,Jatropha Firecracker,Jatropha
Kale flowers,Kale,Kale flower
Horsetail,Equisetum,Snake grass,Puzzlegrass,Horsetails
Lotus pods,Nelumbo nucifera,Lotus,Indian lotus,Lotus pod
Succulents,Echeverria,Succulent
Kiwi branches,Kiwi branch
Pittosporum,Cheesewood
Lily grass,Bear grass
Safari sunsets,Leucadendron, Sunsets
Button poms,Button pom
Orchids,Orchid,Butterfly Orchid,Cymbidium,Boat Orchid,Japhette orchid,lady's slipper orchid,moth orchid,Phalaenopsis orchid,Moon orchid,Golden Shower Orchid,Paphiopedilum orchid,Slipper Orchid,Scorpion Orchid,spider orchid,Caladenia
Hibiscus
Croton
Moss
Wheat Grass
Mushrooms, Mushroom